{"frameRate":24,"armature":[{"aabb":{"width":720.3305555555555,"y":-467.5,"height":717.8246358666453,"x":-486.5},"defaultActions":[{"gotoAndPlay":"animtion0"}],"type":"Armature","frameRate":24,"skin":[{"name":"","slot":[{"display":[{"uvs":[0.11511,0.01312,0.3857,0.17544,0.48385,0.25088,0.59889,0.27089,0.64978,0.31957,0.65815,0.34633,0.75289,0.34633,0.95422,0.48035,1,0.61921,1,0.91239,0.88319,0.99098,0.83252,0.99985,0.60748,0.99985,0.50089,0.89897,0.40444,0.56408,0.31637,0.57243,0.25037,0.43174,0.20467,0.48365,0.11837,0.49194,0.08452,0.33629,0,0.2978,0,-0.00007,0.07437,-0.00007,0.03378,0.07001,0.16237,0.11694,0.17593,0.12698,0.29096,0.19062,0.32311,0.20565,0.37222,0.24084,0.41452,0.27933,0.44326,0.30784,0.472,0.33966,0.49741,0.36642,0.5177,0.39494,0.59889,0.41833,0.6463,0.4401,0.692,0.46525,0.758,0.50543,0.79859,0.53893,0.84593,0.57742,0.85948,0.59751,0.87304,0.6813,0.87474,0.72815,0.88659,0.80521,0.88659,0.84538,0.7343,0.91408,0.65133,0.86217,0.65133,0.82867,0.59385,0.67287,0.57859,0.64106,0.48726,0.48534,0.384,0.4217,0.35526,0.39824,0.26726,0.33292,0.23681,0.29443,0.18437,0.24751,0.14207,0.23416,0.09304,0.21408,0.06089,0.19729,0.03037,0.18724,0,0.1772,0,0.04494],"userEdges":[24,25,26,27,28,29,30,31,32,33,35,36,37,38,39,40,41,42,43,44,46,47,48,49,51,52,53,54,55,56,57,58,58,59],"type":"mesh","vertices":[-259.8,-332.05,-77.15,-221.35,-10.9,-169.9,66.75,-156.25,101.1,-123.05,106.75,-104.8,170.7,-104.8,306.6,-13.4,337.5,81.3,337.5,281.25,258.65,334.85,224.45,340.9,72.55,340.9,0.6,272.1,-64.5,43.7,-123.95,49.4,-168.5,-46.55,-199.35,-11.15,-257.6,-5.5,-280.45,-111.65,-337.5,-137.9,-337.5,-341.05,-287.3,-341.05,-314.7,-293.25,-227.9,-261.25,-218.75,-254.4,-141.1,-211,-119.4,-200.75,-86.25,-176.75,-57.7,-150.5,-38.3,-131.05,-18.9,-109.35,-1.75,-91.1,11.95,-71.65,66.75,-55.7,98.75,-40.85,129.6,-23.7,174.15,3.7,201.55,26.55,233.5,52.8,242.65,66.5,251.8,123.65,252.95,155.6,260.95,208.15,260.95,235.55,158.15,282.4,102.15,247,102.15,224.15,63.35,117.9,53.05,96.2,-8.6,-10,-78.3,-53.4,-97.7,-69.4,-157.1,-113.95,-177.65,-140.2,-213.05,-172.2,-241.6,-181.3,-274.7,-195,-296.4,-206.45,-317,-213.3,-337.5,-220.15,-337.5,-310.35],"transform":{"y":-126.5,"x":-149},"height":682,"path":"manche","width":675,"edges":[0,1,1,2,2,3,3,4,4,5,5,6,6,7,7,8,8,9,9,10,10,11,11,12,12,13,13,14,14,15,15,16,16,17,17,18,18,19,19,20,21,22,22,0,20,60,60,61,61,21],"name":"manche","triangles":[44,10,9,43,44,9,7,40,8,40,41,8,43,9,8,42,43,8,41,42,8,37,38,7,6,37,7,38,39,7,39,40,7,11,10,44,45,11,44,42,47,43,47,45,43,45,44,43,40,39,41,41,48,42,48,47,42,39,38,41,38,48,41,6,36,37,45,12,11,49,48,37,37,48,38,5,35,36,47,46,45,5,36,6,36,49,37,46,12,45,50,49,35,35,49,36,34,50,35,48,13,47,13,12,46,4,34,5,34,35,5,3,33,4,33,34,4,47,13,46,33,50,34,31,32,3,32,33,3,50,14,49,49,14,48,14,13,48,2,31,3,0,25,1,30,31,2,32,51,33,51,50,33,31,51,32,28,29,2,1,28,2,29,30,2,51,14,50,25,26,1,52,51,30,30,51,31,29,52,30,51,15,14,28,53,29,53,52,29,16,15,51,52,16,51,26,27,1,27,28,1,0,24,25,54,53,27,27,53,28,53,16,52,26,54,27,55,54,26,25,55,26,54,19,16,54,16,53,19,17,16,25,56,55,19,18,17,55,19,54,56,19,55,24,57,25,57,56,25,58,57,24,23,58,24,0,23,24,57,19,56,23,59,58,20,19,57,22,23,0,58,20,57,60,59,23,59,20,58,61,23,22,21,61,22,60,20,59,61,60,23]}],"name":"manche"},{"display":[{"bonePose":[1,0.9871692221669035,0.15967757139432787,-0.15967757139432787,0.9871692221669035,8.35,6.45],"height":444,"vertices":[-229.5,-222,229.5,-222,-229.5,222,229.5,222,-152.8,-149.08,29.99,-148,177.28,-139.39,188.06,88.55,189.1,102.53,146.12,162.73,138.59,173.51,57.95,222,43.97,222,-33.47,200.39,-51.73,196.11,-106.58,181.05,-149.6,120.84,-184.01,18.69,-184.01,-8.19,-178.65,-75.98,-157.13,-94.24,-71.08,-118.96,-58.18,-118.96,117.07,-42.6,117.07,-28.62,84.83,92.88,77.3,105.77,11.67,144.47,-42.08,147.72,-78.61,114.39,-90.48,96.08,-96.92,47.69,-94.76,10.07,-48.53,-65.2,-29.19,-80.26,7.39,-89.91,50.42,-46.93,63.31,2.54,52.53,29.42,14.92,36.95,-2.31,38.04,-16.24,25.14,-15.2,13.27,-5.51,-6.07,0.94,-194.23,-76.49,-209.29,13.84,-222,-134.54,-222,127.81,-222,229.5,-125.4,229.5,6.83,229.5,103.61,131.05,222,-68.96,222,-80.78,222,-229.5,136.94,-229.5,-0.71,-229.5,-99.61],"triangles":[8,9,51,7,8,51,9,10,3,10,52,3,51,9,3,6,23,49,6,49,1,48,6,1,49,23,50,23,24,50,24,7,50,7,51,50,24,25,7,7,25,8,25,9,8,37,25,24,48,5,6,5,23,6,47,45,46,37,38,25,5,36,23,26,10,9,25,26,9,11,52,10,26,11,10,46,5,48,5,35,36,27,11,26,36,37,24,36,24,23,46,44,5,27,12,11,39,26,25,38,39,25,39,27,26,40,27,39,13,53,12,43,38,37,36,43,37,43,39,38,27,13,12,35,43,36,29,28,40,34,43,35,40,28,27,43,42,39,22,35,5,44,22,5,34,33,43,42,41,40,22,34,35,28,13,27,42,40,39,45,44,46,30,29,40,41,30,40,45,22,44,31,30,41,33,32,42,33,42,43,28,14,13,32,41,42,32,31,41,45,21,22,14,53,13,22,33,34,22,21,33,15,14,28,29,15,28,45,4,21,21,20,33,20,32,33,54,53,14,15,54,14,20,19,32,47,4,45,19,18,32,16,15,29,4,20,21,15,2,54,30,16,29,31,16,30,17,16,31,17,31,32,18,17,32,16,2,15,55,2,16,0,4,47,57,20,4,17,55,16,57,19,20,0,57,4,56,55,17,56,18,19,57,56,19,56,17,18],"userEdges":[7,8,9,10,13,14,17,18,19,20,21,22,23,24,25,26,27,28,29,30,31,32,33,34,35,36,37,38,39,40,41,42],"uvs":[0,0,1,0,0,1,1,1,0.1671,0.16423,0.56533,0.16667,0.88623,0.18607,0.90972,0.69943,0.91197,0.73092,0.81834,0.86652,0.80193,0.8908,0.62625,1,0.59579,1,0.42708,0.95134,0.38729,0.94169,0.26781,0.90776,0.17407,0.77216,0.0991,0.54209,0.0991,0.48155,0.1108,0.32888,0.15766,0.28774,0.34514,0.23208,0.37324,0.23208,0.75506,0.40405,0.75506,0.43554,0.68481,0.70918,0.6684,0.73823,0.52543,0.82538,0.40831,0.8327,0.32873,0.75763,0.30288,0.71639,0.28883,0.6074,0.29355,0.52269,0.39426,0.35316,0.43641,0.31923,0.5161,0.2975,0.60984,0.3943,0.63794,0.50573,0.61445,0.56626,0.53251,0.58323,0.49497,0.58567,0.46462,0.55662,0.46687,0.5299,0.488,0.48632,0.50205,0.06255,0.33334,0.02863,0.53015,0,0.20689,0,0.77844,0,1,0.21756,1,0.51537,1,0.73335,0.78552,1,0.34975,1,0.32401,1,0,0.80842,0,0.49841,0,0.27566],"edges":[11,12,0,47,47,46,46,48,48,1,1,49,49,50,50,51,51,3,3,52,52,11,12,53,53,54,54,2,2,55,55,56,56,57,57,0],"weights":[1,1,1,1,1,1,1,1,1,1,1,1,1,1,1,1,1,1,1,1,1,1,1,1,1,1,1,1,1,1,1,1,1,1,1,1,1,1,1,1,1,1,1,1,1,1,1,1,1,1,1,1,1,1,1,1,1,1,1,1,1,1,1,1,1,1,1,1,1,1,1,1,1,1,1,1,1,1,1,1,1,1,1,1,1,1,1,1,1,1,1,1,1,1,1,1,1,1,1,1,1,1,1,1,1,1,1,1,1,1,1,1,1,1,1,1,1,1,1,1,1,1,1,1,1,1,1,1,1,1,1,1,1,1,1,1,1,1,1,1,1,1,1,1,1,1,1,1,1,1,1,1,1,1,1,1,1,1,1,1,1,1,1,1,1,1,1,1,1,1,1,1,1,1],"path":"roulette","type":"mesh","transform":{"skY":-9.1882,"y":-4.0383,"scX":1.0622,"scY":1.0622,"skX":-9.1882,"x":-10.1247},"width":459,"slotPose":[1.062162367329338,6.38378239159465e-16,-6.38378239159465e-16,1.062162367329338,-0.99999999999996,0.8468530280771993],"name":"roulette"}],"name":"roulette"}]}],"bone":[{"name":"root","transform":{}},{"length":63,"transform":{"skY":9.1882,"y":6.45,"skX":9.1882,"x":8.35},"parent":"root","name":"roulette"}],"animation":[{"frame":[],"bone":[{"translateFrame":[],"scaleFrame":[],"rotateFrame":[],"name":"root"},{"translateFrame":[],"scaleFrame":[],"rotateFrame":[{"duration":2,"tweenEasing":0,"rotate":100.0169},{"duration":1,"tweenEasing":0,"rotate":250.0539},{"duration":1,"tweenEasing":0,"rotate":374.7838},{"duration":2,"tweenEasing":0,"rotate":45.9663},{"duration":0,"rotate":100.0169}],"name":"roulette"}],"ik":[],"duration":6,"slot":[{"displayFrame":[],"name":"roulette","colorFrame":[]},{"displayFrame":[],"name":"manche","colorFrame":[]}],"playTimes":0,"name":"animtion0","ffd":[]}],"slot":[{"color":{},"name":"roulette","parent":"roulette"},{"z":1,"color":{},"name":"manche","parent":"root"}],"ik":[],"name":"Armature"}],"isGlobal":0,"name":"Roulette","version":"5.5"}